Workbook

Sheet Summary
A1: Weekly Streams Report — Full-Disc Artists
A2: Period: 2026-06-24 → 2026-07-01 (last 7 tracked days) · Source: SpotifyStreams DB (daily_streams_canonical), 2026-07-02
A4: Artist | B4: Songs | C4: Total Streams | D4: Weekly Gain | E4: Avg Daily | F4: Milestones (wk) | G4: Monthly Listeners | H4: ML Δ (wk) | I4: Followers | J4: Followers Δ (wk)
A5: Olivia Rodrigo | B5: 74 | C5: 28191287743 | D5: 294887697 | E5: =D5/7 | F5: =COUNTIF(Milestones!$A:$A,$A5) | G5: 69858818 | H5: 1325015 | I5: 54804871 | J5: 186250
A6: Billie Eilish | B6: 79 | C6: 57750588521 | D6: 124404008 | E6: =D6/7 | F6: =COUNTIF(Milestones!$A:$A,$A6) | G6: 79792350 | H6: -76491 | I6: 128422025 | J6: 246162
A7: Stray Kids | B7: 325 | C7: 14870165597 | D7: 66828606 | E7: =D7/7 | F7: =COUNTIF(Milestones!$A:$A,$A7) | G7: 10176332 | H7: 535163 | I7: 23771490 | J7: 90227
A8: Justin Timberlake (catch-all) | B8: 272 | C8: 18408386286 | D8: 60039290 | E8: =D8/7 | F8: =COUNTIF(Milestones!$A:$A,$A8) | G8: 56546822 | H8: -158815 | I8: 17085248 | J8: 39207
A9: Britney Spears | B9: 367 | C9: 16030813179 | D9: 51816265 | E9: =D9/7 | F9: =COUNTIF(Milestones!$A:$A,$A9) | G9: 48009645 | H9: -561154 | I9: 19553465 | J9: 47552
A10: Cardi B | B10: 179 | C10: 21603417887 | D10: 34858809 | E10: =D10/7 | F10: =COUNTIF(Milestones!$A:$A,$A10) | G10: 31641630 | H10: -805674 | I10: 27253241 | J10: 37468
A11: Bebe Rexha | B11: 248 | C11: 17442733985 | D11: 34711041 | E11: =D11/7 | F11: =COUNTIF(Milestones!$A:$A,$A11) | G11: 43129235 | H11: -348881 | I11: 10305404 | J11: 10780
A12: Christina Aguilera | B12: 328 | C12: 11084588437 | D12: 27312002 | E12: =D12/7 | F12: =COUNTIF(Milestones!$A:$A,$A12) | G12: 31713424 | I12: 9802384
A13: LISA | B13: 31 | C13: 5324841186 | D13: 17153454 | E13: =D13/7 | F13: =COUNTIF(Milestones!$A:$A,$A13) | G13: 15000387 | H13: -614168 | I13: 15641974 | J13: 66458
A14: BABYMONSTER | B14: 42 | C14: 2435516730 | D14: 16980222 | E14: =D14/7 | F14: =COUNTIF(Milestones!$A:$A,$A14) | G14: 8609967 | I14: 8143186
A15: George Michael | B15: 216 | C15: 5305168810 | D15: 15035193 | E15: =D15/7 | F15: =COUNTIF(Milestones!$A:$A,$A15) | G15: 21775768 | H15: 196983 | I15: 6207120 | J15: 12053
A16: Melanie Martinez | B16: 109 | C16: 11559752338 | D16: 12396090 | E16: =D16/7 | F16: =COUNTIF(Milestones!$A:$A,$A16) | G16: 13401966 | I16: 22992054
A17: *NSYNC | B17: 91 | C17: 3676559732 | D17: 10792336 | E17: =D17/7 | F17: =COUNTIF(Milestones!$A:$A,$A17) | G17: 15602035 | H17: -2338 | I17: 3315577 | J17: 8354
A18: Dove Cameron | B18: 69 | C18: 3376049798 | D18: 8661074 | E18: =D18/7 | F18: =COUNTIF(Milestones!$A:$A,$A18) | G18: 8492965 | H18: -75923 | I18: 5667990 | J18: 2797
A19: Janet Jackson | B19: 440 | C19: 2215151165 | D19: 8249116 | E19: =D19/7 | F19: =COUNTIF(Milestones!$A:$A,$A19) | G19: 9964712 | H19: -92801 | I19: 4278897 | J19: 7533
A20: Faouzia | B20: 95 | C20: 1224212721 | D20: 5447532 | E20: =D20/7 | F20: =COUNTIF(Milestones!$A:$A,$A20) | G20: 4543667 | I20: 1018515
A21: cupcakke | B21: 156 | C21: 747223030 | D21: 2197432 | E21: =D21/7 | F21: =COUNTIF(Milestones!$A:$A,$A21) | G21: 2207405 | H21: -16321 | I21: 1253560 | J21: 4217
A22: Felix | B22: 5 | C22: 187241923 | D22: 954066 | E22: =D22/7 | F22: =COUNTIF(Milestones!$A:$A,$A22) | G22: 1215086 | H22: 10783 | I22: 1165958 | J22: 11074
A23: JC Chasez | B23: 46 | C23: 15149769 | D23: 20866 | E23: =D23/7 | F23: =COUNTIF(Milestones!$A:$A,$A23) | G23: 28792 | H23: 41 | I23: 62139 | J23: 57
A24: Vaelis (Monarch) | B24: 28 | C24: 162387 | D24: 11080 | E24: =D24/7 | F24: =COUNTIF(Milestones!$A:$A,$A24) | G24: 2063 | H24: -10 | I24: 6257 | J24: 15
A25: Utopic Records | B25: 2 | C25: 8370 | D25: 69 | E25: =D25/7 | F25: =COUNTIF(Milestones!$A:$A,$A25) | G25: 235 | I25: 4
A26: TOTAL | B26: =SUM(B5:B25) | C26: =SUM(C5:C25) | D26: =SUM(D5:D25) | E26: =D26/7 | F26: =SUM(F5:F25)

Sheet Top Movers
A1: Top Songs by Weekly Gain (full-disc artists)
A3: # | B3: Artist | C3: Song | D3: Weekly Gain | E3: Total Streams | F3: % of Artist Week
A4: 1 | B4: Olivia Rodrigo | C4: stupid song | D4: 28556575 | E4: 106976810 | F4: =D4/VLOOKUP(B4,Summary!$A$5:$D$25,4,FALSE)
A5: 2 | B5: Olivia Rodrigo | C5: the cure | D5: 25427432 | E5: 187956753 | F5: =D5/VLOOKUP(B5,Summary!$A$5:$D$25,4,FALSE)
A6: 3 | B6: Olivia Rodrigo | C6: drop dead | D6: 23718695 | E6: 313487096 | F6: =D6/VLOOKUP(B6,Summary!$A$5:$D$25,4,FALSE)
A7: 4 | B7: Olivia Rodrigo | C7: honeybee | D7: 20952360 | E7: 73645772 | F7: =D7/VLOOKUP(B7,Summary!$A$5:$D$25,4,FALSE)
A8: 5 | B8: Billie Eilish | C8: BIRDS OF A FEATHER | D8: 15445028 | E8: 3821330134 | F8: =D8/VLOOKUP(B8,Summary!$A$5:$D$25,4,FALSE)
A9: 6 | B9: Olivia Rodrigo | C9: maggots for brains | D9: 14432051 | E9: 57358372 | F9: =D9/VLOOKUP(B9,Summary!$A$5:$D$25,4,FALSE)
A10: 7 | B10: Olivia Rodrigo | C10: expectations | D10: 14236393 | E10: 53955761 | F10: =D10/VLOOKUP(B10,Summary!$A$5:$D$25,4,FALSE)
A11: 8 | B11: Olivia Rodrigo | C11: less | D11: 13976153 | E11: 54249219 | F11: =D11/VLOOKUP(B11,Summary!$A$5:$D$25,4,FALSE)
A12: 9 | B12: Olivia Rodrigo | C12: my way | D12: 13558269 | E12: 55036470 | F12: =D12/VLOOKUP(B12,Summary!$A$5:$D$25,4,FALSE)
A13: 10 | B13: Olivia Rodrigo | C13: what’s wrong with me | D13: 13548458 | E13: 54661152 | F13: =D13/VLOOKUP(B13,Summary!$A$5:$D$25,4,FALSE)
A14: 11 | B14: Olivia Rodrigo | C14: u + me = <3 | D14: 12950466 | E14: 53016080 | F14: =D14/VLOOKUP(B14,Summary!$A$5:$D$25,4,FALSE)
A15: 12 | B15: Olivia Rodrigo | C15: begged | D15: 12358605 | E15: 52353315 | F15: =D15/VLOOKUP(B15,Summary!$A$5:$D$25,4,FALSE)
... A63: 60 | B63: Justin Timberlake (catch-all) | C63: Ayo Technology | D63: 2869920 | E63: 476852379 | F63: =D63/VLOOKUP(B63,Summary!$A$5:$D$25,4,FALSE)

Sheet Milestones
A1: Artist | B1: Song | C1: Milestone | D1: Reached
A2: *NSYNC | B2: Tearin' up My Heart - Radio Edit | C2: 300M | D2: 2026-06-27
A3: Olivia Rodrigo | B3: drop dead | C3: 300M | D3: 2026-06-27
A4: BABYMONSTER | B4: WE GO UP | C4: 100M | D4: 2026-06-29
A5: Olivia Rodrigo | B5: stupid song | C5: 100M | D5: 2026-06-30
A6: Olivia Rodrigo | B6: maggots for brains | C6: 50M | D6: 2026-06-28
A7: Olivia Rodrigo | B7: what’s wrong with me | C7: 50M | D7: 2026-06-29
A8: Olivia Rodrigo | B8: my way | C8: 50M | D8: 2026-06-29
A9: Olivia Rodrigo | B9: expectations | C9: 50M | D9: 2026-06-29
A10: Olivia Rodrigo | B10: less | C10: 50M | D10: 2026-06-29
A11: Olivia Rodrigo | B11: begged | C11: 50M | D11: 2026-06-30
A12: Olivia Rodrigo | B12: u + me = <3 | C12: 50M | D12: 2026-06-30
... A18: George Michael | B18: Mothers Pride - Remastered | C18: 10M | D18: 2026-07-01

Sheet Kworb Audit
A1: Kworb Reconciliation — audit-kworb.js sweep, 2026-07-02
A2: Source: kworb.net artist pages vs primary_artist buckets. "Recoverable" is the raw tool number; Assessment separates real gaps from tool artifacts.
A3: Artist | B3: Kworb Total (B) | C3: Our Bucket (B) | D3: Tool "Recoverable" (M) | E3: Real Action Needed (M) | F3: Assessment
A4: Justin Timberlake | B4: 18.129 | C4: 15.075 | D4: 3269.3 | E4: 1335 | F4: REAL: ~1.34B never scraped (4 Minutes, Ayo Technology, Signs, Love Sex Magic…) → pin albums in scraper.js extraAlbums. Other-bucket 1.9B is untracked leads already inside the dashboard catch-all — no action.
A5: *NSYNC | B5: 3.82 | C5: 3.677 | D5: 156 | E5: 143 | F5: REAL: Better Place 130M sits in JT bucket → NSYNC_EXTRA_TRACK_IDS; Paradise (feat. *NSYNC) 13M never scraped → extraAlbums.
A6: Bebe Rexha | B6: 17.355 | C6: 17.443 | D6: 45.1 | E6: 45 | F6: Small: obscure DJ mixes/continuous-mix editions, ~45M. Optional.
A7: Taylor Swift | B7: 127.075 | C7: 128.672 | D7: 25.5 | E7: 25 | F7: Small: karaoke versions + 3D Concert film cut, ~25M. Optional (album-only artist).
A8: Dove Cameron | B8: 3.326 | C8: 3.376 | D8: 23.9 | E8: 24 | F8: Small: Cloud 9 TV-soundtrack single 22M. Optional.
A9: George Michael | B9: 5.305 | C9: 5.305 | D9: 14.5 | E9: 15 | F9: Small; totals already match kworb.
A10: Stray Kids | B10: 14.804 | C10: 14.87 | D10: 11.2 | E10: 11 | F10: Small; we are above kworb already.
A11: Janet Jackson | B11: 2.22 | C11: 2.215 | D11: 10.1 | E11: 10 | F11: Small.
A12: Cardi B | B12: 22.447 | C12: 21.603 | D12: 856.9 | E12: 0 | F12: COVERED: the 857M = CARDI_EXTRA_TRACK_IDS already live in server.js (MotorSport, Girls…). Tool sees raw bucket only.
A13: Felix | B13: 0.296 | C13: 0.187 | D13: 112.7 | E13: 0 | F13: COVERED: FELIX_EXTRA_TRACK_IDS already live in server.js.
A14: Zara Larsson | B14: 14.063 | C14: 14.001 | D14: 694.5 | E14: 0 | F14: FALSE POSITIVE: This One's for You 605M already tracked under a different edition id (peak matches 605.4M). Rest ≈75M tiny remixes, deliberately skipped.
A15: Lady Gaga | B15: 37.316 | C15: 16.978 | D15: 20338.7 | E15: 0 | F15: DELIBERATE: album-only curation (Fame Monster + Mayhem etc.), kworb full catalog not in scope.
... A25: BABYMONSTER | B25: 2.43 | C25: 2.436 | D25: 1.5 | E25: 0 | F25: Match.
A26: JC Chasez / Vaelis / Utopic | E26: 0 | F26: No kworb page (404) — too small for kworb.
A28: Actionable total (REAL rows): ~1.48B, dominated by JT missing features. Fix path: resolve album ids (audit-kworb.js without --no-resolve), add to scraper.js extraAlbums + server.js EXTRA_TRACK_IDS, run a scrape.
